,cluster_0,cluster_1
country,-0.6764389416051952,0.5724223756580693
SS,0.640697252515308,-0.5421767151549717
impulsive,0.559632859868435,-0.4735776600649636
age,-0.5271095534400356,0.446055488905182
Cscore,-0.48990890614402666,0.4145752153853468
